Variant,N core rows,Equation,Horizon (days),Regressor,N,Date clusters,Beta,SE (cluster-by-date),p (cluster-by-date),SE (Driscoll-Kraay),p (Driscoll-Kraay),SE (month block bootstrap),Predicted sign (P1),Sign check
alt_depth_lp_concentration,9415,outcome=S,1,L,9410,1882,0.20438655900167246,0.01845836619843107,1.1903323859498103e-27,0.017476173372702252,1.4980313637805688e-30,0.028511408791435468,+,"MATCH (p<.05, DK)"
alt_depth_lp_concentration,9415,outcome=S,1,D,9410,1882,-0.005764017700644508,0.0034957309398978647,0.09934056399840292,0.0036864765421235016,0.11808975692674487,0.0052339100164593795,-,sign matches but not sig. (DK p=0.118)
alt_depth_lp_concentration,9415,outcome=S,1,S,9410,1882,-0.414057215602388,0.018532672354461037,2.92836424235318e-98,0.020119623976984295,4.8530759028030804e-85,0.026395050468371775,(no prior),n/a (no P1 prior)
alt_depth_lp_concentration,9415,outcome=S,7,L,9380,1876,0.22720214382502837,0.019713511519542874,9.639041503992065e-30,0.028259814404574018,1.5780899683725407e-15,0.03524137754771723,+,"MATCH (p<.05, DK)"
alt_depth_lp_concentration,9415,outcome=S,7,D,9380,1876,-0.00513356306371612,0.0036469332030115774,0.15940394194090843,0.004989190816228969,0.30364198840025086,0.007066288213284088,-,sign matches but not sig. (DK p=0.304)
alt_depth_lp_concentration,9415,outcome=S,7,S,9380,1876,-0.5362915684054667,0.018560752324278423,3.735730029230553e-152,0.02263168361258563,8.404365392486621e-109,0.030037249602544763,(no prior),n/a (no P1 prior)
alt_depth_lp_concentration,9415,outcome=S,14,L,9345,1869,0.2281728915369381,0.020236841653483686,1.425380284473524e-28,0.03582531914934478,2.3885789799122393e-10,0.04299580865119529,+,"MATCH (p<.05, DK)"
alt_depth_lp_concentration,9415,outcome=S,14,D,9345,1869,-0.011442448003196562,0.003750978463962173,0.002316557266705661,0.00678021632095824,0.09165058917442638,0.008884853950302236,-,sign matches but not sig. (DK p=0.092)
alt_depth_lp_concentration,9415,outcome=S,14,S,9345,1869,-0.593235402740019,0.01809709844315685,1.4427296577063953e-186,0.029265751600897852,9.72679837365651e-83,0.037447795611760294,(no prior),n/a (no P1 prior)
alt_depth_lp_concentration,9415,outcome=S,30,L,9265,1853,0.22248926834149832,0.019985851212044835,6.564882424379619e-28,0.04616889379329098,1.5601201660703696e-06,0.05264178039569092,+,"MATCH (p<.05, DK)"
alt_depth_lp_concentration,9415,outcome=S,30,D,9265,1853,-0.01216655240187267,0.004147065401012566,0.0033898547687334106,0.008870997858788717,0.17038602299767633,0.008930365898297089,-,sign matches but not sig. (DK p=0.170)
alt_depth_lp_concentration,9415,outcome=S,30,S,9265,1853,-0.6633928796627906,0.016179598165553036,4.6418148277316446e-262,0.030694516586867816,1.455157637742232e-92,0.03169301311739362,(no prior),n/a (no P1 prior)
alt_depth_lp_concentration,9415,outcome=L,1,S,9410,1882,0.007552430872427424,0.002910546060585988,0.009536762466147342,0.0032406487787425354,0.01988337529418031,0.003465629887852927,+,"MATCH (p<.05, DK)"
alt_depth_lp_concentration,9415,outcome=L,1,D,9410,1882,0.00026626691712904103,0.00042716277995357305,0.5331378128550252,0.00038146818469276617,0.48525998615199123,0.0004355336100789758,(no prior),n/a (no P1 prior)
alt_depth_lp_concentration,9415,outcome=L,1,L,9410,1882,-0.019120936978112152,0.006720077388615264,0.00448437804220565,0.007339037901684083,0.009249769741159992,0.008713247845960762,(no prior),n/a (no P1 prior)
alt_depth_lp_concentration,9415,outcome=L,7,S,9380,1876,0.014118368964323145,0.0036327115502290583,0.00010525604710806575,0.004335343039755231,0.001147773480302515,0.004176219208356849,+,"MATCH (p<.05, DK)"
alt_depth_lp_concentration,9415,outcome=L,7,D,9380,1876,-0.0011264651230218977,0.000662911744791183,0.08943446083460836,0.0009072112820092867,0.21451035129485854,0.0009170857973877791,(no prior),n/a (no P1 prior)
alt_depth_lp_concentration,9415,outcome=L,7,L,9380,1876,-0.0398994450712856,0.008338856980902034,1.8457675172131444e-06,0.01268629529849311,0.0016864373176313997,0.016296119581753282,(no prior),n/a (no P1 prior)
alt_depth_lp_concentration,9415,outcome=L,14,S,9345,1869,0.018095745828513636,0.004531826987072545,6.775884569219379e-05,0.007084441125737184,0.010719063565088182,0.007511411157776667,+,"MATCH (p<.05, DK)"
alt_depth_lp_concentration,9415,outcome=L,14,D,9345,1869,-0.0020341859391769614,0.0008673854288429391,0.019121404643585745,0.001530094732064876,0.1838615586335657,0.001635564931493571,(no prior),n/a (no P1 prior)
alt_depth_lp_concentration,9415,outcome=L,14,L,9345,1869,-0.0601670244739438,0.009601055431457454,4.5668233202439753e-10,0.021543266854523513,0.005277909591132934,0.02367312550938705,(no prior),n/a (no P1 prior)
alt_depth_lp_concentration,9415,outcome=L,30,S,9265,1853,0.031528789098710173,0.004468368011738984,2.4121492722478243e-12,0.009152496148704831,0.0005841555380916594,0.009131413802603286,+,"MATCH (p<.05, DK)"
alt_depth_lp_concentration,9415,outcome=L,30,D,9265,1853,-0.004184276907526119,0.0010569994096336856,7.822691156938186e-05,0.002783823862902001,0.13299196934600493,0.002793649383964827,(no prior),n/a (no P1 prior)
alt_depth_lp_concentration,9415,outcome=L,30,L,9265,1853,-0.09221787624917777,0.009391390974647236,3.204503703361793e-22,0.036656578402368085,0.011962769186041517,0.03584642241255497,(no prior),n/a (no P1 prior)
alt_depth_lp_concentration,9415,outcome=D,1,L,9410,1882,0.05165454261473111,0.024777477172624147,0.037227693454692665,0.020701402175868962,0.012673051963703615,0.02741780178331141,-,"WRONG SIGN (predicted -, got +)"
alt_depth_lp_concentration,9415,outcome=D,1,S,9410,1882,-0.03863949231681448,0.01652821906164263,0.019502534263066484,0.016292279785423996,0.01780929816242881,0.020420860213086815,(no prior),n/a (no P1 prior)
alt_depth_lp_concentration,9415,outcome=D,1,D,9410,1882,-0.4915886727966957,0.016177095886982865,2.3478730348303685e-165,0.02077682014668855,1.4776079505729075e-108,0.03260719056470496,(no prior),n/a (no P1 prior)
alt_depth_lp_concentration,9415,outcome=D,7,L,9380,1876,0.07810684253002503,0.026259312125126385,0.0029726913652492787,0.03385661429397503,0.02116392479337388,0.03367255450951564,-,"WRONG SIGN (predicted -, got +)"
alt_depth_lp_concentration,9415,outcome=D,7,S,9380,1876,-0.053030970191891444,0.018589603147542207,0.0043821868504424705,0.025173539908693126,0.035283476301073945,0.03151746304834886,(no prior),n/a (no P1 prior)
alt_depth_lp_concentration,9415,outcome=D,7,D,9380,1876,-0.5990920935113228,0.01632482490276643,1.1371840196886042e-222,0.024704369527733628,3.180745157523827e-113,0.03843333003713236,(no prior),n/a (no P1 prior)
alt_depth_lp_concentration,9415,outcome=D,14,L,9345,1869,0.06699896005656966,0.02731727422111638,0.014272790668955745,0.042615954104535676,0.1160835519569891,0.04675400818792747,-,"WRONG SIGN (predicted -, got +)"
alt_depth_lp_concentration,9415,outcome=D,14,S,9345,1869,-0.024654764047854924,0.01836123874322041,0.1795123567202241,0.03314822525434815,0.4571071913802314,0.037747718090798736,(no prior),n/a (no P1 prior)
alt_depth_lp_concentration,9415,outcome=D,14,D,9345,1869,-0.6800832420958061,0.016142387984114836,3.087893148671339e-273,0.02998451064534127,8.444740611530915e-101,0.0370399365522858,(no prior),n/a (no P1 prior)
alt_depth_lp_concentration,9415,outcome=D,30,L,9265,1853,0.0922670582792077,0.02607456127060771,0.00041219655161309383,0.055263246129129556,0.09516916820178654,0.06127301055246849,-,"WRONG SIGN (predicted -, got +)"
alt_depth_lp_concentration,9415,outcome=D,30,S,9265,1853,-0.04648355980540482,0.02060121970413924,0.02416490383449173,0.04594041092164335,0.31175490981179155,0.04314901703661382,(no prior),n/a (no P1 prior)
alt_depth_lp_concentration,9415,outcome=D,30,D,9265,1853,-0.7103107246326673,0.015559907130827022,1.68971051325587e-305,0.0344508972568604,3.391743402912533e-85,0.034527590414535576,(no prior),n/a (no P1 prior)
alt_D_winsor_mean,9415,outcome=S,1,L,9410,1882,0.023616041116086627,0.0015499408414867387,1.6088912056950965e-49,0.001592126542962757,3.716240158047352e-47,0.002556608064821525,+,"MATCH (p<.05, DK)"
alt_D_winsor_mean,9415,outcome=S,1,D,9410,1882,-0.04476410671691384,0.00836018377813719,9.633954903421116e-08,0.008522614489808442,1.6715148567195118e-07,0.012875438708317845,-,"MATCH (p<.05, DK)"
alt_D_winsor_mean,9415,outcome=S,1,S,9410,1882,-0.3971035139246053,0.018086653248044003,2.6337506063649583e-95,0.019373588927125932,1.9468215031525981e-84,0.02528314630401216,(no prior),n/a (no P1 prior)
alt_D_winsor_mean,9415,outcome=S,7,L,9380,1876,0.02762245128654713,0.0016550693398999536,2.0664960839096222e-58,0.0023518632620595885,8.729698633535853e-31,0.003184121761154162,+,"MATCH (p<.05, DK)"
alt_D_winsor_mean,9415,outcome=S,7,D,9380,1876,-0.04951320943865848,0.009436538324400215,1.721310722283177e-07,0.013556210393941129,0.00026689331284469593,0.018198898659112166,-,"MATCH (p<.05, DK)"
alt_D_winsor_mean,9415,outcome=S,7,S,9380,1876,-0.5190403262044938,0.01811016172552567,3.986115132649424e-150,0.021460440840638112,1.0482674903042507e-112,0.027052377876466607,(no prior),n/a (no P1 prior)
alt_D_winsor_mean,9415,outcome=S,14,L,9345,1869,0.02844756414067221,0.0017637626133671317,6.830258727541278e-55,0.00303532764826709,1.979003458199046e-20,0.0033557426911518377,+,"MATCH (p<.05, DK)"
alt_D_winsor_mean,9415,outcome=S,14,D,9345,1869,-0.053220637951699,0.009570956252754035,3.075342767534283e-08,0.016971197723964628,0.0017397245807431283,0.020818326385133774,-,"MATCH (p<.05, DK)"
alt_D_winsor_mean,9415,outcome=S,14,S,9345,1869,-0.5768328240072144,0.017732306585201967,2.655406590601431e-184,0.027785216095527917,2.619281314707829e-86,0.033801626612340124,(no prior),n/a (no P1 prior)
alt_D_winsor_mean,9415,outcome=S,30,L,9265,1853,0.02898719932423891,0.0016803859386636262,5.93322618875831e-62,0.0037526129569783427,1.8256054198353354e-14,0.0040565429223970734,+,"MATCH (p<.05, DK)"
alt_D_winsor_mean,9415,outcome=S,30,D,9265,1853,-0.07533611920192901,0.010229875856915831,2.666169303519246e-13,0.023820917752226774,0.001588992518571758,0.023844796344097707,-,"MATCH (p<.05, DK)"
alt_D_winsor_mean,9415,outcome=S,30,S,9265,1853,-0.6506238072825352,0.015686538303449998,1.704478355545988e-266,0.027768949661759378,1.537245555812787e-106,0.02712740370149522,(no prior),n/a (no P1 prior)
alt_D_winsor_mean,9415,outcome=L,1,S,9410,1882,0.01939882378213528,0.009163472690530652,0.03439310205831523,0.009930302637541081,0.05090869932990918,0.00996786278758684,+,sign matches but not sig. (DK p=0.051)
alt_D_winsor_mean,9415,outcome=L,1,D,9410,1882,0.0032183209088905472,0.006756377349574278,0.6338887484861243,0.0062208353483242055,0.6049758564944746,0.006205945529143323,(no prior),n/a (no P1 prior)
alt_D_winsor_mean,9415,outcome=L,1,L,9410,1882,-0.009091928958070516,0.002913427069229648,0.0018316259096258479,0.003183330943316475,0.004335809287606082,0.0033154593368072477,(no prior),n/a (no P1 prior)
alt_D_winsor_mean,9415,outcome=L,7,S,9380,1876,0.03690033672153463,0.011383799508069668,0.001209970485202355,0.014783414253020941,0.012643322131238494,0.012946449060688365,+,"MATCH (p<.05, DK)"
alt_D_winsor_mean,9415,outcome=L,7,D,9380,1876,-0.009957447297201615,0.008740722063945055,0.2547644658306171,0.012719506001442055,0.43381489277035323,0.013194528339431593,(no prior),n/a (no P1 prior)
alt_D_winsor_mean,9415,outcome=L,7,L,9380,1876,-0.01846542503464491,0.004190919829370894,1.1121791745729378e-05,0.007720547668711121,0.016867419368083697,0.009420405810559515,(no prior),n/a (no P1 prior)
alt_D_winsor_mean,9415,outcome=L,14,S,9345,1869,0.04746901585640294,0.014451764555346315,0.0010399666686818007,0.023556608806643047,0.044036767038597144,0.025846961365722794,+,"MATCH (p<.05, DK)"
alt_D_winsor_mean,9415,outcome=L,14,D,9345,1869,-0.01286762127136985,0.012332330918570606,0.2968955607848718,0.022859716304126556,0.5735738975800253,0.023967679125491713,(no prior),n/a (no P1 prior)
alt_D_winsor_mean,9415,outcome=L,14,L,9345,1869,-0.026822636359322614,0.005336922076320221,5.490543602377489e-07,0.01447104717752914,0.06396284719416354,0.015102132806122126,(no prior),n/a (no P1 prior)
alt_D_winsor_mean,9415,outcome=L,30,S,9265,1853,0.08397388741038575,0.015365594855159226,5.254313153696793e-08,0.03336391173280189,0.011922832423807248,0.03361846877810831,+,"MATCH (p<.05, DK)"
alt_D_winsor_mean,9415,outcome=L,30,D,9265,1853,-0.016768496728055457,0.012976977276303796,0.19645852685338802,0.033855503135563195,0.6204499233657258,0.032960891514403276,(no prior),n/a (no P1 prior)
alt_D_winsor_mean,9415,outcome=L,30,L,9265,1853,-0.042600366795946344,0.006498189996921436,7.159009042956746e-11,0.027008828470537174,0.11490290140308096,0.025880403449983644,(no prior),n/a (no P1 prior)
alt_D_winsor_mean,9415,outcome=D,1,L,9410,1882,0.013263317814990086,0.002455864398810544,7.481929851448015e-08,0.0022139320833589986,2.49526641408191e-09,0.003398592999871795,-,"WRONG SIGN (predicted -, got +)"
alt_D_winsor_mean,9415,outcome=D,1,S,9410,1882,-0.06496776756130174,0.012466401698889858,2.0796429606357754e-07,0.013520177221195598,1.6681481726919224e-06,0.0192986829536778,(no prior),n/a (no P1 prior)
alt_D_winsor_mean,9415,outcome=D,1,D,9410,1882,-0.4059714039334293,0.010311204430301592,8.303391416009708e-248,0.012310756548561144,1.3385038596817124e-188,0.019208026437476815,(no prior),n/a (no P1 prior)
alt_D_winsor_mean,9415,outcome=D,7,L,9380,1876,0.019453350120873566,0.0026384361662619856,2.489552094058173e-13,0.003928164398276704,7.99303949216961e-07,0.004763959254542496,-,"WRONG SIGN (predicted -, got +)"
alt_D_winsor_mean,9415,outcome=D,7,S,9380,1876,-0.0937556302421447,0.014331915024212258,7.821185007316514e-11,0.020802047759707176,6.979792963363401e-06,0.02597583914064179,(no prior),n/a (no P1 prior)
alt_D_winsor_mean,9415,outcome=D,7,D,9380,1876,-0.5363428466258502,0.010831557287040411,0.0,0.016927083417674217,7.899313528660623e-177,0.027241354721699942,(no prior),n/a (no P1 prior)
alt_D_winsor_mean,9415,outcome=D,14,L,9345,1869,0.022201917690414796,0.0027317191813038687,7.891437117420848e-16,0.005147660597109396,1.694499358222461e-05,0.005220580220732591,-,"WRONG SIGN (predicted -, got +)"
alt_D_winsor_mean,9415,outcome=D,14,S,9345,1869,-0.10135674470367229,0.014542789031691117,4.3922854174005365e-12,0.024142530383483643,2.8160671738978984e-05,0.025105384654975204,(no prior),n/a (no P1 prior)
alt_D_winsor_mean,9415,outcome=D,14,D,9345,1869,-0.5890987730372667,0.011134746598860943,0.0,0.020089169004822247,8.266670060710216e-156,0.024151940085548714,(no prior),n/a (no P1 prior)
alt_D_winsor_mean,9415,outcome=D,30,L,9265,1853,0.028621865982067014,0.002724355248736554,4.0616983521080162e-25,0.006597098114825306,1.5114936743418815e-05,0.006877560858708222,-,"WRONG SIGN (predicted -, got +)"
alt_D_winsor_mean,9415,outcome=D,30,S,9265,1853,-0.11510761484366253,0.014998892785057267,2.669844462183418e-14,0.031062692382167537,0.00021703606569826718,0.030112859689010563,(no prior),n/a (no P1 prior)
alt_D_winsor_mean,9415,outcome=D,30,D,9265,1853,-0.6443073999793312,0.01185654577800853,0.0,0.02801188185462652,3.4734829452306945e-103,0.028710922103251452,(no prior),n/a (no P1 prior)
alt_D_q1k,9415,outcome=S,1,L,9410,1882,0.022413776303981926,0.0015138518386839449,5.342105349536324e-47,0.0015330315404372828,6.223363714135158e-46,0.0024234202502207893,+,"MATCH (p<.05, DK)"
alt_D_q1k,9415,outcome=S,1,D,9410,1882,-0.017080212238259215,0.006836516123458048,0.01256100472919524,0.007213966392592592,0.01800168712183603,0.00983122628477325,-,"MATCH (p<.05, DK)"
alt_D_q1k,9415,outcome=S,1,S,9410,1882,-0.3905444993826771,0.018032156680951004,4.713534321789595e-93,0.019174291448076915,1.692542033623363e-83,0.02516277425093767,(no prior),n/a (no P1 prior)
alt_D_q1k,9415,outcome=S,7,L,9380,1876,0.02614341823520831,0.0016113416565526784,1.6968808040311885e-55,0.0022822628858806863,2.0584077116905804e-29,0.0030122196343734765,+,"MATCH (p<.05, DK)"
alt_D_q1k,9415,outcome=S,7,D,9380,1876,-0.01079190599563636,0.0065065381145611185,0.09735866035498868,0.00813406749225552,0.18475165126381424,0.010976966491387843,-,sign matches but not sig. (DK p=0.185)
alt_D_q1k,9415,outcome=S,7,S,9380,1876,-0.5117215443238067,0.017989028791186367,2.8254090257980654e-148,0.021315238833552585,2.81863419834226e-111,0.02740751844708288,(no prior),n/a (no P1 prior)
alt_D_q1k,9415,outcome=S,14,L,9345,1869,0.0268898463312854,0.0017116113601669074,2.472119465814965e-52,0.0029559162524642932,2.31221782396996e-19,0.0032426931415354696,+,"MATCH (p<.05, DK)"
alt_D_q1k,9415,outcome=S,14,D,9345,1869,-0.013528312774089783,0.006999152281107205,0.05340564258215129,0.010762250908075612,0.2089052848515069,0.01482289288607577,-,sign matches but not sig. (DK p=0.209)
alt_D_q1k,9415,outcome=S,14,S,9345,1869,-0.5690118324629565,0.017617367294820697,3.263523934320771e-182,0.027910407923303304,1.3934894398806075e-83,0.03462916879011133,(no prior),n/a (no P1 prior)
alt_D_q1k,9415,outcome=S,30,L,9265,1853,0.026861344001552077,0.001629837509085618,4.7299236212769707e-57,0.0036247545713578013,1.9025996980773724e-13,0.003988890567847028,+,"MATCH (p<.05, DK)"
alt_D_q1k,9415,outcome=S,30,D,9265,1853,-0.013639807271023064,0.0075384244568490015,0.07055544287990008,0.012818718850367247,0.28744301362765556,0.014184499765128616,-,sign matches but not sig. (DK p=0.287)
alt_D_q1k,9415,outcome=S,30,S,9265,1853,-0.6400342840300651,0.015715170373558428,1.7036642694063294e-259,0.028694446968859727,8.186452054060048e-98,0.028528894631524207,(no prior),n/a (no P1 prior)
alt_D_q1k,9415,outcome=L,1,S,9410,1882,0.018933562238842072,0.009080308886079476,0.03719266460373411,0.009454327665707135,0.045359827944270716,0.009302734468838668,+,"MATCH (p<.05, DK)"
alt_D_q1k,9415,outcome=L,1,D,9410,1882,0.002622784578710499,0.005740696870958157,0.647813185912951,0.004857052468374909,0.5892643273489888,0.007094559907694104,(no prior),n/a (no P1 prior)
alt_D_q1k,9415,outcome=L,1,L,9410,1882,-0.009027589501727374,0.002934284274656885,0.002124005881385409,0.003119272208763518,0.0038458657375615934,0.00325366863186106,(no prior),n/a (no P1 prior)
alt_D_q1k,9415,outcome=L,7,S,9380,1876,0.038286275668441026,0.011376041160149043,0.0007794121954132179,0.014663134538094907,0.009098248809670258,0.013105933603960425,+,"MATCH (p<.05, DK)"
alt_D_q1k,9415,outcome=L,7,D,9380,1876,-0.023987443973733195,0.015438172392246112,0.12040689557051659,0.021231303666358368,0.25869872570310926,0.01952717441704229,(no prior),n/a (no P1 prior)
alt_D_q1k,9415,outcome=L,7,L,9380,1876,-0.01842165719716471,0.004178365574462897,1.0982279445364553e-05,0.007611179771315534,0.015600405447306134,0.009260328702153918,(no prior),n/a (no P1 prior)
alt_D_q1k,9415,outcome=L,14,S,9345,1869,0.049177827439755586,0.014777135275122625,0.0008918077509914328,0.024685987746571145,0.04650155746105491,0.027806245062629253,+,"MATCH (p<.05, DK)"
alt_D_q1k,9415,outcome=L,14,D,9345,1869,-0.06208545139132493,0.02049398788706675,0.0024836096566237024,0.037187535595530084,0.0951813009392122,0.04241779200929777,(no prior),n/a (no P1 prior)
alt_D_q1k,9415,outcome=L,14,L,9345,1869,-0.026286932544525205,0.005320535666107492,8.480597290010317e-07,0.014242357130203678,0.06509582631717893,0.01472660270290681,(no prior),n/a (no P1 prior)
alt_D_q1k,9415,outcome=L,30,S,9265,1853,0.08608920205024358,0.015409161721024548,2.654699298769981e-08,0.0346943952213183,0.013176445943297803,0.035338384906792024,+,"MATCH (p<.05, DK)"
alt_D_q1k,9415,outcome=L,30,D,9265,1853,-0.11081279062844995,0.02538515386977494,1.339774277979944e-05,0.0668448083176263,0.09753484849233046,0.06334221062503602,(no prior),n/a (no P1 prior)
alt_D_q1k,9415,outcome=L,30,L,9265,1853,-0.04142185198531486,0.006430843190855108,1.5074624328056514e-10,0.026592180581092664,0.11948226327957273,0.02553878878596973,(no prior),n/a (no P1 prior)
alt_D_q1k,9415,outcome=D,1,L,9410,1882,0.010072584322509109,0.0030287741243938755,0.0008991539607858796,0.0030608109211404926,0.0010174238162974775,0.004422435478544282,-,"WRONG SIGN (predicted -, got +)"
alt_D_q1k,9415,outcome=D,1,S,9410,1882,-0.013956082606873877,0.005531891785804886,0.01172296268714637,0.00577234027112517,0.015711250462324428,0.0077256970263716975,(no prior),n/a (no P1 prior)
alt_D_q1k,9415,outcome=D,1,D,9410,1882,-0.620437468493761,0.037790260145167155,1.0333005050555535e-56,0.040747562213227534,1.8528250360332036e-49,0.056510732343983745,(no prior),n/a (no P1 prior)
alt_D_q1k,9415,outcome=D,7,L,9380,1876,0.011638095742319478,0.0029667794244634888,9.067821155588891e-05,0.004009926227810074,0.0037473294272875593,0.004615177343837714,-,"WRONG SIGN (predicted -, got +)"
alt_D_q1k,9415,outcome=D,7,S,9380,1876,-0.019141533951650143,0.00538842898778946,0.0003912560390050311,0.007491378065994308,0.010692787092681608,0.009299068395553452,(no prior),n/a (no P1 prior)
alt_D_q1k,9415,outcome=D,7,D,9380,1876,-0.6403402810185241,0.03622898365666644,8.766698074236106e-65,0.039798578107947825,1.1613091297833916e-54,0.033754016730030846,(no prior),n/a (no P1 prior)
alt_D_q1k,9415,outcome=D,14,L,9345,1869,0.013448991240798978,0.0030311161787368816,9.65492057693472e-06,0.0050415916108324625,0.0077053283298132305,0.005724227251790124,-,"WRONG SIGN (predicted -, got +)"
alt_D_q1k,9415,outcome=D,14,S,9345,1869,-0.012639360229720545,0.006058439573652013,0.03709222265325933,0.009533044283265827,0.18505241353742527,0.010473565621406179,(no prior),n/a (no P1 prior)
alt_D_q1k,9415,outcome=D,14,D,9345,1869,-0.73383806122103,0.03075880279740481,4.9159869987592805e-110,0.038782958945952295,3.419429573395009e-73,0.039637638900238935,(no prior),n/a (no P1 prior)
alt_D_q1k,9415,outcome=D,30,L,9265,1853,0.016529908575491085,0.0031524243772912347,1.7553119944510167e-07,0.0070203554151601405,0.018648097924753495,0.007257029109893206,-,"WRONG SIGN (predicted -, got +)"
alt_D_q1k,9415,outcome=D,30,S,9265,1853,-0.014792702723803229,0.00624844267475494,0.018014745941024066,0.012677703845332703,0.24342996380016194,0.01219338905290739,(no prior),n/a (no P1 prior)
alt_D_q1k,9415,outcome=D,30,D,9265,1853,-0.762637111677923,0.031787011746332285,5.469129815496417e-111,0.05302081541273723,1.4992023650140854e-44,0.053964336051941814,(no prior),n/a (no P1 prior)
alt_D_q100k,9415,outcome=S,1,L,9410,1882,0.021955309247935605,0.0014902439695119562,1.411764632808776e-46,0.0015276283986941019,1.6119875869276748e-44,0.0024670403868280928,+,"MATCH (p<.05, DK)"
alt_D_q100k,9415,outcome=S,1,D,9410,1882,-0.011781739014075504,0.002708927039156159,1.4393172600768504e-05,0.0029036830611503758,5.1625972301390694e-05,0.004719685179287138,-,"MATCH (p<.05, DK)"
alt_D_q100k,9415,outcome=S,1,S,9410,1882,-0.39350486448677796,0.01805553158987071,4.425658686988836e-94,0.01917896984330538,1.3828557196879005e-84,0.02511782820653592,(no prior),n/a (no P1 prior)
alt_D_q100k,9415,outcome=S,7,L,9380,1876,0.025734260480600818,0.0015842174319503398,1.2839182710746846e-55,0.0022497133818000126,2.4494779498191786e-29,0.0029875399432654883,+,"MATCH (p<.05, DK)"
alt_D_q100k,9415,outcome=S,7,D,9380,1876,-0.015398580111120967,0.0031429256065083756,1.0436854002988682e-06,0.004310418742236958,0.0003626406638676184,0.005884454821595424,-,"MATCH (p<.05, DK)"
alt_D_q100k,9415,outcome=S,7,S,9380,1876,-0.5156547048764791,0.018039898491620777,1.8163765698153777e-149,0.021456323036139927,1.7646325576788945e-111,0.02758073751354052,(no prior),n/a (no P1 prior)
alt_D_q100k,9415,outcome=S,14,L,9345,1869,0.02637634575259607,0.0016933287583141869,1.5812919003108116e-51,0.0029383100975317674,6.63148294404446e-19,0.0032505196931471142,+,"MATCH (p<.05, DK)"
alt_D_q100k,9415,outcome=S,14,D,9345,1869,-0.019203831117947708,0.003182089698318335,1.9125808970795254e-09,0.005222517086114017,0.0002425478768267404,0.006594033028061026,-,"MATCH (p<.05, DK)"
alt_D_q100k,9415,outcome=S,14,S,9345,1869,-0.5739206830931621,0.017673863903984968,8.717366960652545e-184,0.028058350193612167,4.506751207282768e-84,0.03490138048528955,(no prior),n/a (no P1 prior)
alt_D_q100k,9415,outcome=S,30,L,9265,1853,0.02627703518730944,0.0016019848431758205,1.458437654495798e-56,0.003556703091874037,2.2428482955462663e-13,0.003903366172743409,+,"MATCH (p<.05, DK)"
alt_D_q100k,9415,outcome=S,30,D,9265,1853,-0.021366949690837425,0.0032795987552986573,9.333883197860824e-11,0.007003158066723115,0.002312836812071776,0.006728496781715142,-,"MATCH (p<.05, DK)"
alt_D_q100k,9415,outcome=S,30,S,9265,1853,-0.6454852641782641,0.01569186399502474,2.6451146640538244e-263,0.028292133448749215,9.70584424691583e-102,0.028139291131508662,(no prior),n/a (no P1 prior)
alt_D_q100k,9415,outcome=L,1,S,9410,1882,0.01859413754562942,0.009131160500855946,0.041856150570329494,0.009608918924575827,0.053128807011480525,0.00935342080869378,+,sign matches but not sig. (DK p=0.053)
alt_D_q100k,9415,outcome=L,1,D,9410,1882,-0.0012705973085923104,0.002490148281231134,0.609936434760052,0.0022124985060455334,0.5658458868004944,0.0022045794169397817,(no prior),n/a (no P1 prior)
alt_D_q100k,9415,outcome=L,1,L,9410,1882,-0.00900629796953035,0.0029044737296757958,0.0019583749551636666,0.003094017475522918,0.0036465832238311785,0.003185320444216116,(no prior),n/a (no P1 prior)
alt_D_q100k,9415,outcome=L,7,S,9380,1876,0.036170125877257056,0.01140206874648612,0.001537154274447981,0.014502268926777662,0.012713190140625226,0.012826868648206579,+,"MATCH (p<.05, DK)"
alt_D_q100k,9415,outcome=L,7,D,9380,1876,-0.008562184155193452,0.003631239394262247,0.018479674631236915,0.004880609449970939,0.07953786245287377,0.004704888637516359,(no prior),n/a (no P1 prior)
alt_D_q100k,9415,outcome=L,7,L,9380,1876,-0.01893047008033901,0.0041743572074578695,6.126436482736969e-06,0.007691012478635719,0.013930018679924753,0.009329718789143274,(no prior),n/a (no P1 prior)
alt_D_q100k,9415,outcome=L,14,S,9345,1869,0.046135078159762484,0.014705319794546643,0.0017316786569615621,0.024424393908567613,0.05906088684975282,0.02724789246543479,+,sign matches but not sig. (DK p=0.059)
alt_D_q100k,9415,outcome=L,14,D,9345,1869,-0.01254855814874498,0.004640738178142033,0.006913160854589765,0.008055556188670404,0.1194614606457076,0.00867627760724885,(no prior),n/a (no P1 prior)
alt_D_q100k,9415,outcome=L,14,L,9345,1869,-0.027448414286798783,0.005381271045332705,3.726498882043814e-07,0.01457511091201121,0.05982325822316891,0.015169776524749353,(no prior),n/a (no P1 prior)
alt_D_q100k,9415,outcome=L,30,S,9265,1853,0.0809588564751815,0.015397133257856448,1.6243606132192924e-07,0.03409419904891079,0.017671063536767777,0.03483537276378518,+,"MATCH (p<.05, DK)"
alt_D_q100k,9415,outcome=L,30,D,9265,1853,-0.02096666758243289,0.0054644879465954145,0.00012877674404501745,0.013781063881956724,0.1283273407275045,0.013208585675328753,(no prior),n/a (no P1 prior)
alt_D_q100k,9415,outcome=L,30,L,9265,1853,-0.04348831839611831,0.006521739786638794,3.4072003110700784e-11,0.027148752958102214,0.10935859964467307,0.02600211518231082,(no prior),n/a (no P1 prior)
alt_D_q100k,9415,outcome=D,1,L,9410,1882,-0.0075131444475172865,0.00639614290723816,0.24028875899051555,0.0053933092038563,0.1637695531213919,0.007641574534429831,-,sign matches but not sig. (DK p=0.164)
alt_D_q100k,9415,outcome=D,1,S,9410,1882,-0.12667382057875412,0.026687988877067314,2.2262103628116537e-06,0.027306947984516983,3.7444320438064173e-06,0.03821679492441649,(no prior),n/a (no P1 prior)
alt_D_q100k,9415,outcome=D,1,D,9410,1882,-0.4802700123844703,0.011340477759862966,8.142382896177893e-276,0.01627248702336433,1.1855891585271856e-157,0.02658077193184745,(no prior),n/a (no P1 prior)
alt_D_q100k,9415,outcome=D,7,L,9380,1876,-0.004726959742305273,0.00658897787476628,0.4732141532861047,0.00891551221006727,0.5960395371066395,0.01015072769964725,-,sign matches but not sig. (DK p=0.596)
alt_D_q100k,9415,outcome=D,7,S,9380,1876,-0.14220791709194655,0.029472629949280873,1.5125885898453805e-06,0.040900818158355785,0.0005188149722550974,0.051345886914321584,(no prior),n/a (no P1 prior)
alt_D_q100k,9415,outcome=D,7,D,9380,1876,-0.5966430186843034,0.011853916516626688,0.0,0.019606371603873782,1.2038459278777007e-165,0.033227231120530276,(no prior),n/a (no P1 prior)
alt_D_q100k,9415,outcome=D,14,L,9345,1869,-0.0064978853247280735,0.00680821632163674,0.3399955031302044,0.01108529433437796,0.5578309862086256,0.012742946038593283,-,sign matches but not sig. (DK p=0.558)
alt_D_q100k,9415,outcome=D,14,S,9345,1869,-0.10253882325137759,0.02955269875520485,0.0005328799110808976,0.048439126129544825,0.03440365862199191,0.05164234500510624,(no prior),n/a (no P1 prior)
alt_D_q100k,9415,outcome=D,14,D,9345,1869,-0.6335709771951067,0.011690648080291273,0.0,0.02307530439444239,1.0463323396851007e-139,0.028535118250488087,(no prior),n/a (no P1 prior)
alt_D_q100k,9415,outcome=D,30,L,9265,1853,0.003502765934508749,0.00646431849439273,0.5879790382157184,0.013965976108165317,0.8019910754028767,0.014400281533759806,-,"WRONG SIGN (predicted -, got +)"
alt_D_q100k,9415,outcome=D,30,S,9265,1853,-0.12691114442036294,0.03128033662149485,5.172344178932642e-05,0.07216954138135274,0.07882524805235469,0.06668487555002142,(no prior),n/a (no P1 prior)
alt_D_q100k,9415,outcome=D,30,D,9265,1853,-0.6861873395234127,0.01150452802253112,0.0,0.026527486459681133,3.296653511249041e-126,0.02618857475156238,(no prior),n/a (no P1 prior)
