Period,Equation,Horizon (days),Regressor,N,Date clusters,Beta,SE (cluster-by-date),p (cluster-by-date),SE (Driscoll-Kraay),p (Driscoll-Kraay),SE (month block bootstrap),Predicted sign (P1),Sign check
pre,outcome=S,1,L,4705,941,0.025007670279197952,0.0031801157235364793,1.0195264329068656e-14,0.0028614567698523586,1.0611791094568295e-17,0.004636482010956982,+,"MATCH (p<.05, DK)"
pre,outcome=S,1,D,4705,941,-0.00446101716993494,0.003976760895318901,0.2622460612455979,0.0042790383091171735,0.2974350034789081,0.006448702135337374,-,sign matches but not sig. (DK p=0.297)
pre,outcome=S,1,S,4705,941,-0.4260967138675833,0.021694494744294093,3.1173653889985543e-72,0.024732730737662,5.153762058569905e-58,0.04069246760585077,(no prior),n/a (no P1 prior)
pre,outcome=S,7,L,4705,941,0.022775231451867026,0.003533337095012999,1.8349737755522476e-10,0.005509980792096828,3.892695589443043e-05,0.007093100800626342,+,"MATCH (p<.05, DK)"
pre,outcome=S,7,D,4705,941,0.001749816988950313,0.004641672462298165,0.7062736648495038,0.005624322721701123,0.7557813901969376,0.006969265330245825,-,"WRONG SIGN (predicted -, got +)"
pre,outcome=S,7,S,4705,941,-0.5918041664265883,0.022965109238017443,3.3131804722523114e-111,0.03067179535154509,3.839310055528831e-70,0.03193005599449501,(no prior),n/a (no P1 prior)
pre,outcome=S,14,L,4705,941,0.02164686580876377,0.0037068841502254815,7.201450628976407e-09,0.007860878206492719,0.006005396471727556,0.009622443970207475,+,"MATCH (p<.05, DK)"
pre,outcome=S,14,D,4705,941,-0.0034331612754437894,0.0041588238529459065,0.4092901144709878,0.006697831367326004,0.6083669379725517,0.007893322531345582,-,sign matches but not sig. (DK p=0.608)
pre,outcome=S,14,S,4705,941,-0.6899957893327211,0.02478915422744806,7.607773030234881e-125,0.040403092155889726,3.693735689266452e-57,0.04557371657512591,(no prior),n/a (no P1 prior)
pre,outcome=S,30,L,4705,941,0.02181621097839356,0.003431526872200818,3.192719151016946e-10,0.009465258964259276,0.021390855604346913,0.010051333274924449,+,"MATCH (p<.05, DK)"
pre,outcome=S,30,D,4705,941,-0.0025037449348011866,0.004778008844195124,0.6003921257285597,0.009459595854233912,0.7913157109975141,0.010224892244583469,-,sign matches but not sig. (DK p=0.791)
pre,outcome=S,30,S,4705,941,-0.7825367148885409,0.023035105272471247,1.1202137250692415e-165,0.042801219441942095,3.9975241750916455e-64,0.04057744916486129,(no prior),n/a (no P1 prior)
pre,outcome=L,1,S,4705,941,0.021376827307677104,0.01238647940002359,0.08470851693389096,0.012802735814072186,0.0953101423686573,0.015525393451425716,+,sign matches but not sig. (DK p=0.095)
pre,outcome=L,1,D,4705,941,-0.010885097589747329,0.004598397474166466,0.01812739323197587,0.004759490716313373,0.02241559107943555,0.003925860336645813,(no prior),n/a (no P1 prior)
pre,outcome=L,1,L,4705,941,-0.018019491051883677,0.007638093571020265,0.0185200258041788,0.008153764667847771,0.027348275522672515,0.009182688901103709,(no prior),n/a (no P1 prior)
pre,outcome=L,7,S,4705,941,0.03660305021900859,0.01778805214825507,0.039891145300829316,0.026179770800019,0.16240007165248851,0.019373087459888232,+,sign matches but not sig. (DK p=0.162)
pre,outcome=L,7,D,4705,941,-0.02298355804169037,0.009497485516803838,0.015710870100407996,0.013776071963242794,0.09557571834175038,0.0165137358350709,(no prior),n/a (no P1 prior)
pre,outcome=L,7,L,4705,941,-0.05374423032346075,0.01022020034239939,1.7972443285868135e-07,0.019068527024254208,0.004926460538258926,0.024416152228012373,(no prior),n/a (no P1 prior)
pre,outcome=L,14,S,4705,941,0.0455999468586152,0.02240290264601279,0.04208585318422174,0.04085696865813311,0.2646699564627226,0.047199582898135334,+,sign matches but not sig. (DK p=0.265)
pre,outcome=L,14,D,4705,941,-0.06025646959973627,0.013671202410652256,1.1659342384747308e-05,0.026622908363107545,0.023842590976475973,0.030526243531552758,(no prior),n/a (no P1 prior)
pre,outcome=L,14,L,4705,941,-0.09039912467508636,0.012699936758801655,2.1715165712189425e-12,0.03263851434083777,0.005721198569637866,0.037728931968021594,(no prior),n/a (no P1 prior)
pre,outcome=L,30,S,4705,941,0.06420538432830981,0.0257427626451854,0.012798028397446464,0.0489039841349239,0.18954159321050498,0.04837766768470359,+,sign matches but not sig. (DK p=0.190)
pre,outcome=L,30,D,4705,941,-0.1345022725582213,0.0191031130460312,3.685447098823514e-12,0.05328144555564398,0.011754130103658954,0.05132567835459605,(no prior),n/a (no P1 prior)
pre,outcome=L,30,L,4705,941,-0.15236439434971666,0.013850691172064299,1.462121491110798e-26,0.051908090540581035,0.003413678332461343,0.055090581629196944,(no prior),n/a (no P1 prior)
pre,outcome=D,1,L,4705,941,0.01921031485869842,0.011672375463713396,0.10014065765430023,0.011229741549330442,0.08747309867661,0.013446319266688676,-,"WRONG SIGN (predicted -, got +)"
pre,outcome=D,1,S,4705,941,-0.025229675310104654,0.017730745728015543,0.15508716112482332,0.01711583238509432,0.1408016338746312,0.02329779341111705,(no prior),n/a (no P1 prior)
pre,outcome=D,1,D,4705,941,-0.6198118594282186,0.02661076151415605,4.309342868075516e-95,0.035283815915709935,5.911299106786652e-60,0.045761792574227314,(no prior),n/a (no P1 prior)
pre,outcome=D,7,L,4705,941,0.026292914363645527,0.012020557198854531,0.028964247480488283,0.015668198596528977,0.09365860445444242,0.020880979704278668,-,"WRONG SIGN (predicted -, got +)"
pre,outcome=D,7,S,4705,941,-0.02554508631344425,0.018921726147857483,0.17732814788165477,0.025716459157082566,0.32080183506795834,0.030600067320201006,(no prior),n/a (no P1 prior)
pre,outcome=D,7,D,4705,941,-0.7894319886635388,0.02466729187437559,1.344698858256331e-152,0.031218594080236695,4.830500167369771e-108,0.034202320792995046,(no prior),n/a (no P1 prior)
pre,outcome=D,14,L,4705,941,0.028535704478532334,0.01213852281113269,0.018936935456280772,0.017825820034680674,0.10975558422810949,0.020380578916674878,-,"WRONG SIGN (predicted -, got +)"
pre,outcome=D,14,S,4705,941,-0.015573771243255997,0.02099528870555676,0.45840921897741904,0.03046973146472913,0.6093851718643353,0.03561068641572085,(no prior),n/a (no P1 prior)
pre,outcome=D,14,D,4705,941,-0.8770478757858206,0.02376227605644752,4.825026699085115e-185,0.033531043859636046,9.504980075298209e-114,0.03892178543326271,(no prior),n/a (no P1 prior)
pre,outcome=D,30,L,4705,941,0.03266020360874421,0.012004141050188386,0.006633795111260345,0.024500704207108804,0.18284454243837417,0.029152449942721495,-,"WRONG SIGN (predicted -, got +)"
pre,outcome=D,30,S,4705,941,-0.01810171747505001,0.018310753562854446,0.32312112496111883,0.03803030980606611,0.6341982805366218,0.04139732308059364,(no prior),n/a (no P1 prior)
pre,outcome=D,30,D,4705,941,-0.8533615362274526,0.023265152531255665,1.5382927040561447e-183,0.04129970466892429,1.7139506086746644e-78,0.039448541730208696,(no prior),n/a (no P1 prior)
post,outcome=S,1,L,4705,941,0.05199727916915437,0.005877590468900468,4.3926455694089515e-18,0.007634275758604473,1.7273479828978536e-11,0.014878660144395442,+,"MATCH (p<.05, DK)"
post,outcome=S,1,D,4705,941,-0.005375252014721795,0.005072313438901618,0.28954242453218687,0.0052088939768378945,0.30236691631864104,0.007039805109993657,-,sign matches but not sig. (DK p=0.302)
post,outcome=S,1,S,4705,941,-0.5207759535328338,0.031033407080735875,1.756772729361485e-55,0.036560725655709926,7.862455706968859e-42,0.04853147034735468,(no prior),n/a (no P1 prior)
post,outcome=S,7,L,4675,935,0.062454686352714395,0.006415413262186395,2.1327211918162627e-21,0.010067512715820756,8.281636869074058e-10,0.016208557833457506,+,"MATCH (p<.05, DK)"
post,outcome=S,7,D,4675,935,-0.00841026703101758,0.005116848643888913,0.10058673155609796,0.006683946455256592,0.20860545568405342,0.009620574202821102,-,sign matches but not sig. (DK p=0.209)
post,outcome=S,7,S,4675,935,-0.6489107931422261,0.028973972192328966,2.8979379937827894e-89,0.03444609132460776,2.3831890451748832e-67,0.04333276626029931,(no prior),n/a (no P1 prior)
post,outcome=S,14,L,4640,928,0.059233927408437914,0.006780599933058507,1.1159381369603152e-17,0.013699095437816272,1.698720982762165e-05,0.016860813619969092,+,"MATCH (p<.05, DK)"
post,outcome=S,14,D,4640,928,-0.01715870882294075,0.005323084740100919,0.0013107860780481784,0.009141080134322207,0.06081844667839411,0.012418218235882073,-,sign matches but not sig. (DK p=0.061)
post,outcome=S,14,S,4640,928,-0.6913000291094458,0.0281925219713525,9.67433421149667e-103,0.04214066275850829,2.7232543590538386e-53,0.044768739037081125,(no prior),n/a (no P1 prior)
post,outcome=S,30,L,4560,912,0.05192374078367925,0.007070308585397804,4.600841832128456e-13,0.018688434358332996,0.00557524253880728,0.018525587523493037,+,"MATCH (p<.05, DK)"
post,outcome=S,30,D,4560,912,-0.02221588127632142,0.0057301637133988365,0.000113341824685765,0.010507380777462267,0.03475977092838663,0.011296554021601417,-,"MATCH (p<.05, DK)"
post,outcome=S,30,S,4560,912,-0.7737259739174166,0.02398829240529645,7.4489325400467e-153,0.040800623177903804,7.53050131667664e-68,0.042717914352718746,(no prior),n/a (no P1 prior)
post,outcome=L,1,S,4705,941,0.03643001817117915,0.019584684295769306,0.06317958955071455,0.023145885080032687,0.11583997259634045,0.024332925174200222,+,sign matches but not sig. (DK p=0.116)
post,outcome=L,1,D,4705,941,-0.0014882319052397397,0.0035060713741081554,0.671318174665313,0.00351217013828462,0.6718555105324593,0.004397986245306229,(no prior),n/a (no P1 prior)
post,outcome=L,1,L,4705,941,-0.04076374515731555,0.01443304196112532,0.004838079516925027,0.01596172287455645,0.010810890549068319,0.016760352305117587,(no prior),n/a (no P1 prior)
post,outcome=L,7,S,4675,935,0.07125518085366088,0.021915472070941938,0.0011896368415902935,0.025158678282620972,0.004721839247476939,0.02696765347200506,+,"MATCH (p<.05, DK)"
post,outcome=L,7,D,4675,935,-0.016730802015749297,0.005671693443003983,0.00325832176746583,0.008336549731727354,0.045045782243561074,0.011148639880873161,(no prior),n/a (no P1 prior)
post,outcome=L,7,L,4675,935,-0.0716832291988292,0.015653180264969174,5.292333771597336e-06,0.01748664478886323,4.5043187060362245e-05,0.022317586867798625,(no prior),n/a (no P1 prior)
post,outcome=L,14,S,4640,928,0.08791974885803348,0.026092120917659476,0.0007838514543141986,0.03517142182158828,0.012599980404870655,0.039063066073692664,+,"MATCH (p<.05, DK)"
post,outcome=L,14,D,4640,928,-0.009778796224974056,0.0061674078984072615,0.11318016368307081,0.010493420633703692,0.35163195103530764,0.013103351331221364,(no prior),n/a (no P1 prior)
post,outcome=L,14,L,4640,928,-0.09497010524500706,0.016241573641797877,6.917250721364033e-09,0.022349882223677106,2.3616627967570673e-05,0.024494663245263712,(no prior),n/a (no P1 prior)
post,outcome=L,30,S,4560,912,0.1584830088292781,0.02434417738916051,1.2390112118698596e-10,0.05934413834513188,0.007707077992988485,0.061860914491725115,+,"MATCH (p<.05, DK)"
post,outcome=L,30,D,4560,912,-0.002578828544172561,0.007287519287265067,0.7235187994982705,0.01715317708490566,0.880528740424331,0.017387113859030214,(no prior),n/a (no P1 prior)
post,outcome=L,30,L,4560,912,-0.14197736926534085,0.013084351174349649,6.982927069530304e-26,0.03726470226925404,0.00014831021494015988,0.03827449460188648,(no prior),n/a (no P1 prior)
post,outcome=D,1,L,4705,941,-0.061759183944541704,0.016560544739288967,0.00020350512331667966,0.019413395117062315,0.0015143971498932272,0.038598524707175855,-,"MATCH (p<.05, DK)"
post,outcome=D,1,S,4705,941,-0.046314627145623385,0.03035908848819227,0.12745571892566213,0.02748005402532753,0.09224511710414444,0.029761775838385848,(no prior),n/a (no P1 prior)
post,outcome=D,1,D,4705,941,-0.43593197596670197,0.020229098849635474,5.072907741535305e-84,0.024308111642095686,4.419245083616576e-62,0.03717826584800555,(no prior),n/a (no P1 prior)
post,outcome=D,7,L,4675,935,-0.07167693865106443,0.01779827633070108,6.102990079765485e-05,0.02915600342467475,0.014136569867462494,0.039969057629356534,-,"MATCH (p<.05, DK)"
post,outcome=D,7,S,4675,935,-0.07025803105994635,0.03315691261573754,0.034357601620195126,0.039473124173481235,0.0754181415029454,0.04936321472785049,(no prior),n/a (no P1 prior)
post,outcome=D,7,D,4675,935,-0.5083823609584331,0.02064797310909603,1.4791915727409324e-103,0.028827313440921785,2.648174535984726e-60,0.038221051010516004,(no prior),n/a (no P1 prior)
post,outcome=D,14,L,4640,928,-0.10260843469942521,0.018059676505730822,1.7858052671201868e-08,0.03852864952024373,0.0078749902367982,0.05228417021404252,-,"MATCH (p<.05, DK)"
post,outcome=D,14,S,4640,928,-0.0074940004583912735,0.03097044450267437,0.8088548758295249,0.05108884249553161,0.8834120331640628,0.06263633201320813,(no prior),n/a (no P1 prior)
post,outcome=D,14,D,4640,928,-0.5894565423354733,0.019941979950654453,8.282367303450018e-136,0.03303237105602904,1.8742778703600187e-61,0.03947862679819777,(no prior),n/a (no P1 prior)
post,outcome=D,30,L,4560,912,-0.13761449839724907,0.017023651019305815,1.9899740159106105e-15,0.041840140410849755,0.0010437750856798218,0.03798947976447366,-,"MATCH (p<.05, DK)"
post,outcome=D,30,S,4560,912,-0.038685563813111536,0.03596307834168632,0.28234524545540685,0.07064637200476412,0.584104506062394,0.060885835958434685,(no prior),n/a (no P1 prior)
post,outcome=D,30,D,4560,912,-0.6606370356587704,0.01927319444477117,4.616137909501411e-166,0.033504163225061126,2.358374045453921e-72,0.03551829282411062,(no prior),n/a (no P1 prior)
